
{
    "recipes": [
        {
            "id": "rec1",
            "dishImage": "assets/food_pics/fx1.png",
            "title": "SPAGHETTI WITH CHICKEN VESUVIO",
            "duration": "₱ 120.00",
            "source": "https://pixabay.com/photos/salmon-dish-food-meal-fish-518032/",
            "information": [
                "Course: Main Course",
                "Price: Cheap",
                "Cuisine: Meditarrian",
                "Skill Level: Beginner",
                "Prep Time 5 minutes"
            ]
        },
        {
            "id": "rec2",
            "dishImage": "assets/food_pics/fx2.png",
            "title": "CHICKEN TENDERS",
            "duration": "₱ 150.00",
            "source": "https://pixabay.com/photos/cupcakes-dessert-frosting-food-690040/",
            "information": [
                "Course: Dessert",
                "Price: Somewhat cheap",
                "Cuisine: American",
                "Skill Level: Amateur",
                "Prep Time 10 minutes"
            ]
        },
        {
            "id": "rec3",
            "dishImage": "assets/food_pics/fx3.png",
            "title": "POPEYES SUPER FRIES",
            "duration": "₱ 190.00",
            "source": "https://pixabay.com/photos/pancakes-maple-syrup-sweet-food-2291908/",
            "information": [
                "Course: Breakfast",
                "Price: Cheap",
                "Cuisine: American",
                "Skill Level: Beginner",
                "Prep Time 5 minutes"
            ]
        },
        {
            "id": "rec4",
            "dishImage": "assets/food_pics/fx4.png",
            "title": "STRAWBERRY CHEESECAKE PIE",
            "duration": "₱ 199.00",
            "source": "https://pixabay.com/photos/spaghetti-drunken-line-food-pasta-960978/",
            "information": [
                "Course: Main Course",
                "Price: Expensive",
                "Cuisine: Italian",
                "Skill Level: Beginner",
                "Prep Time 5 minutes"
            ]
        },
        {
            "id": "rec5",
            "dishImage": "assets/food_pics/fx5.png",
            "title": "SPAGHETTI SPECIAL",
            "duration": "₱ 100.00",
            "source": "https://pixabay.com/photos/fried-rice-thai-food-thai-cuisine-3023040/",
            "information": [
                "Course: Main Course",
                "Price: Cheap",
                "Cuisine: Thai",
                "Skill Level: Beginner",
                "Prep Time 5 minutes"
            ]
            
        },
        {
            "id": "rec6",
            "dishImage": "assets/food_pics/fx6.png",
            "title": "POPEYES FLUFFY PANCAKE",
            "duration": "₱ 30.00",
            "source": "https://pixabay.com/photos/green-curry-thai-food-3604721/",
            "information": [
                "Course: Main Course",
                "Price: Medium",
                "Cuisine: Thai",
                "Skill Level: Amateur",
                "Prep Time 10 minutes"
            ]
        },
        {
            "id": "rec7",
            "dishImage": "assets/food_pics/fx7.png",
            "title": "STRAWBERRY CHEESECAKE PIE",
            "duration": "₱ 50.00",
            "source": "https://pixabay.com/photos/soup-pho-soup-vietnam-vietnamese-5250765/",
            "information": [
                "Course: Main Course",
                "Price: Cheap",
                "Cuisine: Vietnamese",
                "Skill Level: Hard",
                "Prep Time 20 minutes"
            ]
        },
        {
            "id": "rec8",
            "dishImage": "assets/food_pics/fx9.png",
            "title": "FROZEN STRAWBERRY LEMONADE",
            "duration": "₱ 100.00",
            "source": "https://pixabay.com/photos/burger-fast-food-hamburger-731298/",
            "information": [
                "Course: Main Course",
                "Price: Cheap",
                "Cuisine: American",
                "Skill Level: Easy",
                "Prep Time 5 minutes"
            ]
        }
    ]
}