{
    "feed": [
        {
            "id": "1",
            "profileImageUrl": "assets/profile_pics/fs1.png",
            "comment": "2 PCS CHICKEN + BISCUIT + DRINK",
            "foodPictureUrl": "card_carrot.png",
            "timestamp": "₱ 170.00"
        },
        {
            "id": "2",
            "profileImageUrl": "assets/profile_pics/fs2.png",
            "comment": "1 PC CHICKEN + SPAGHETTI + DRINK",
            "foodPictureUrl": "card_carrot.png",
            "timestamp": "₱ 180.00"
        },
        {
            "id": "3",
            "profileImageUrl": "assets/profile_pics/fs3.png",
            "comment": "1 PC CHICKEN + RICE + FRIES + DRINK",
            "foodPictureUrl": "card_carrot.png",
            "timestamp": "₱ 99.00"
        },
        {
            "id": "4",
            "profileImageUrl": "assets/profile_pics/fs4.png",
            "comment": "1 PC CHICKEN + RICE + DRINK + MASHED POTATO",
            "foodPictureUrl": "card_carrot.png",
            "timestamp": "₱ 250.00"
        },
        {
            "id": "5",
            "profileImageUrl": "assets/profile_pics/fs5.png",
            "comment": "1 PC CHICKEN + RICE + CRAB SOUP + DRINK",
            "foodPictureUrl": "card_carrot.png",
            "timestamp": "₱ 700.00"
        },
        {
            "id": "6",
            "profileImageUrl": "assets/profile_pics/fs6.png",
            "comment": "1 PC CHICKEN + BISCUIT + DRINK",
            "foodPictureUrl": "card_carrot.png",
            "timestamp": "₱ 1010.00"
        },
        {
            "id": "7",
            "profileImageUrl": "assets/profile_pics/fs7.png",
            "comment": "CHICKEN BURGER",
            "foodPictureUrl": "card_carrot.png",
            "timestamp": "₱ 119.00"
        },
        {
            "id": "8",
            "profileImageUrl": "assets/profile_pics/fs8.png",
            "comment": "SHRIMP BURGER",
            "foodPictureUrl": "card_carrot.png",
            "timestamp": "₱ 199.00"
        },
        {
            "id": "9",
            "profileImageUrl": "assets/profile_pics/fs9.png",
            "comment": "FISH BURGER",
            "foodPictureUrl": "card_carrot.png",
            "timestamp": "₱ 200.00"
        },
        {
            "id": "10",
            "profileImageUrl": "assets/profile_pics/fs10.png",
            "comment": "SPICY CHICKEN",
            "foodPictureUrl": "card_carrot.png",
            "timestamp": "₱ 250.00"
        }
    ]
}